{"inceptionv3": 0.24431116443811382, "mobilenet": 0.25189627852062874, "densenet121": 0.2536602563391849, "vgg16": 0.2501323007020726}